{
  "panels": [
    {
      "model": "SPDG630-N132R12",
      "power_watt": 630,
      "power_kw": 0.63,
      "type": "bifacial",
      "efficiency": 23.32,
      "dimensions_mm": [
        2382,
        1134,
        30
      ],
      "voltage_vmp": 41.7,
      "current_imp": 15.11,
      "voltage_voc": 49.73,
      "current_isc": 15.99,
      "weight_kg": 32.4,
      "certifications": [
        "IEC61215",
        "IEC61730",
        "T\u00dcV",
        "CE",
        "UL"
      ],
      "warranty": {
        "product_years": 25,
        "performance_years": 30,
        "power_after_30_years": 87.4
      },
      "price_usd": 0
    }
  ],
  "batteries": [
    {
      "model": "LFP-5kWh-LV",
      "technology": "LFP",
      "voltage": 51.2,
      "capacity_kWh": 5.12,
      "usable_kWh": 4.6,
      "max_discharge_kw": 2.5,
      "peak_discharge_kw": 2.9,
      "weight_kg": 58,
      "dimensions_mm": [
        490,
        650,
        196
      ],
      "cycles": 6000,
      "dod": 90,
      "communication": [
        "CAN",
        "RS485"
      ],
      "ip_rating": "IP65",
      "warranty_years": 10,
      "price_usd": 0
    },
    {
      "model": "LFP-10kWh-LV",
      "technology": "LFP",
      "voltage": 51.2,
      "capacity_kWh": 10.24,
      "usable_kWh": 9.2,
      "max_discharge_kw": 5,
      "peak_discharge_kw": 5.8,
      "weight_kg": 109,
      "dimensions_mm": [
        585,
        995,
        205
      ],
      "cycles": 6000,
      "dod": 90,
      "communication": [
        "CAN",
        "RS485"
      ],
      "ip_rating": "IP65",
      "warranty_years": 10,
      "price_usd": 0
    }
  ],
  "radiation_by_department": {
    "Santa Cruz": 5.8,
    "La Paz": 4.9,
    "Cochabamba": 5.4,
    "Potos\u00ed": 5.2,
    "Chuquisaca": 5.3,
    "Oruro": 5.1,
    "Tarija": 5.5,
    "Beni": 5.0,
    "Pando": 4.8,
    "Desconocido": 5.2
  },
  "costFactors": {
    "fixedCosts": {
      "tablero": 282.0,
      "aterramiento": 215.5,
      "proyecto": 150.0,
      "pilastra": 400.0,
      "cableado": 960.0,
      "instalacion_inversor": 93.75
    },
    "variableCosts": {
      "utilidad": 0.4,
      "comision": 0.03,
      "it": 0.03,
      "iva": 0.13
    },
    "transportPerKg": {
      "Santa Cruz": 0.0,
      "La Paz": 1.5,
      "Cochabamba": 1.5,
      "Oruro": 1.5,
      "Potos\u00ed": 1.5,
      "Tarija": 1.5,
      "Chuquisaca": 1.5,
      "Beni": 1.5,
      "Pando": 1.5
    }
  },
  "inverters": [
    {
      "Modelo": "SUN-2K-G04P1-EU-AM1",
      "marca": "Deye",
      "power_kW": 2.0,
      "phase": "P1",
      "version": "G04P1",
      "price": 439.5
    },
    {
      "Modelo": "SUN-3K-G04P1-EU-AM1",
      "marca": "Deye",
      "power_kW": 3.0,
      "phase": "P1",
      "version": "G04P1",
      "price": 471.0
    },
    {
      "Modelo": "SUN-3K-SG04LP1-24-EU",
      "marca": "Deye",
      "power_kW": 3.0,
      "phase": "P1",
      "version": "SG04LP1",
      "price": 1089.0
    },
    {
      "Modelo": "SUN-3K-SG04LP1-EU",
      "marca": "Deye",
      "power_kW": 3.0,
      "phase": "P1",
      "version": "SG04LP1",
      "price": 1089.0
    },
    {
      "Modelo": "SUN-3.6K-G04",
      "marca": "Deye",
      "power_kW": 3.6,
      "phase": "P1",
      "version": "G04",
      "price": 579.0
    },
    {
      "Modelo": "SUN-3.6K-SG03LP1-EU",
      "marca": "Deye",
      "power_kW": 3.6,
      "phase": "P1",
      "version": "SG03LP1",
      "price": 1318.5
    },
    {
      "Modelo": "SUN-4K-G06P3-EU-AM2-P1",
      "marca": "Deye",
      "power_kW": 4.0,
      "phase": "P3",
      "version": "G06P3",
      "price": 721.5
    },
    {
      "Modelo": "SUN-5K-G04",
      "marca": "Deye",
      "power_kW": 5.0,
      "phase": "P1",
      "version": "G04",
      "price": 655.5
    },
    {
      "Modelo": "SUN-5K-SG03LP1-EU",
      "marca": "Deye",
      "power_kW": 5.0,
      "phase": "P1",
      "version": "SG03LP1",
      "price": 1381.5
    },
    {
      "Modelo": "SUN-5K-SG04LP3-EU",
      "marca": "Deye",
      "power_kW": 5.0,
      "phase": "P3",
      "version": "SG04LP3",
      "price": 2571.0
    },
    {
      "Modelo": "SUN-5K-SG01HP3-EU -AM2",
      "marca": "Deye",
      "power_kW": 5.0,
      "phase": "P3",
      "version": "SG01HP3",
      "price": 1779.0
    },
    {
      "Modelo": "SUN-6K-G05P1-EU-AM2",
      "marca": "Deye",
      "power_kW": 6.0,
      "phase": "P1",
      "version": "G05P1",
      "price": 706.5
    },
    {
      "Modelo": "SUN-6K-G04",
      "marca": "Deye",
      "power_kW": 6.0,
      "phase": "P1",
      "version": "G04",
      "price": 675.0
    },
    {
      "Modelo": "SUN-6K-SG05LP1-EU",
      "marca": "Deye",
      "power_kW": 6.0,
      "phase": "P1",
      "version": "SG05LP1",
      "price": 1489.5
    },
    {
      "Modelo": "SUN-6K-SG04LP3-EU",
      "marca": "Deye",
      "power_kW": 6.0,
      "phase": "P3",
      "version": "SG04LP3",
      "price": 2656.5
    },
    {
      "Modelo": "SUN-6K-SG01HP3-EU -AM2",
      "marca": "Deye",
      "power_kW": 6.0,
      "phase": "P3",
      "version": "SG01HP3",
      "price": 1885.5
    },
    {
      "Modelo": "SUN-7.5K-G02P1-EU-AM2",
      "marca": "Deye",
      "power_kW": 7.5,
      "phase": "P1",
      "version": "G02P1",
      "price": 889.5
    },
    {
      "Modelo": "SUN-8K-G02P1-EU-AM2",
      "marca": "Deye",
      "power_kW": 8.0,
      "phase": "P1",
      "version": "G02P1",
      "price": 900.0
    },
    {
      "Modelo": "SUN-8K-SG01LP1-EU",
      "marca": "Deye",
      "power_kW": 8.0,
      "phase": "P1",
      "version": "SG01LP1",
      "price": 2250.0
    },
    {
      "Modelo": "SUN-8K-SG04LP3-EU",
      "marca": "Deye",
      "power_kW": 8.0,
      "phase": "P3",
      "version": "SG04LP3",
      "price": 2700.0
    },
    {
      "Modelo": "SUN-8K-SG01HP3-EU -AM2",
      "marca": "Deye",
      "power_kW": 8.0,
      "phase": "P3",
      "version": "SG01HP3",
      "price": 1929.0
    },
    {
      "Modelo": "SUN-10K-G02P1-EU-AM2",
      "marca": "Deye",
      "power_kW": 10.0,
      "phase": "P1",
      "version": "G02P1",
      "price": 964.5
    },
    {
      "Modelo": "SUN-10K-SG02LP1-EU-AM3",
      "marca": "Deye",
      "power_kW": 10.0,
      "phase": "P1",
      "version": "SG02LP1",
      "price": 2529.0
    },
    {
      "Modelo": "SUN-10K-SG04LP3-EU",
      "marca": "Deye",
      "power_kW": 10.0,
      "phase": "P3",
      "version": "SG04LP3",
      "price": 2785.5
    },
    {
      "Modelo": "SUN-10K-SG01HP3-EU-AM2",
      "marca": "Deye",
      "power_kW": 10.0,
      "phase": "P3",
      "version": "SG01HP3",
      "price": 1993.5
    },
    {
      "Modelo": "SUN-12K-SG02LP1-EU-AM3",
      "marca": "Deye",
      "power_kW": 12.0,
      "phase": "P1",
      "version": "SG02LP1",
      "price": 2635.5
    },
    {
      "Modelo": "SUN-12K-SG04LP3-EU",
      "marca": "Deye",
      "power_kW": 12.0,
      "phase": "P3",
      "version": "SG04LP3",
      "price": 2871.0
    },
    {
      "Modelo": "SUN-12K-SG01HP3-EU-AM2",
      "marca": "Deye",
      "power_kW": 12.0,
      "phase": "P3",
      "version": "SG01HP3",
      "price": 2206.5
    },
    {
      "Modelo": "SUN-14K-SG01LP1-EU",
      "marca": "Deye",
      "power_kW": 14.0,
      "phase": "P1",
      "version": "SG01LP1",
      "price": 3171.0
    },
    {
      "Modelo": "SUN-15K-SG01HP3-EU-AM2",
      "marca": "Deye",
      "power_kW": 15.0,
      "phase": "P3",
      "version": "SG01HP3",
      "price": 2464.5
    },
    {
      "Modelo": "SUN-16K-SG01LP1-EU",
      "marca": "Deye",
      "power_kW": 16.0,
      "phase": "P1",
      "version": "SG01LP1",
      "price": 3364.5
    },
    {
      "Modelo": "SUN-18K-G05",
      "marca": "Deye",
      "power_kW": 18.0,
      "phase": "P3",
      "version": "G05",
      "price": 1126.5
    },
    {
      "Modelo": "SUN-20K-G05",
      "marca": "Deye",
      "power_kW": 20.0,
      "phase": "P3",
      "version": "G05",
      "price": 1135.5
    },
    {
      "Modelo": "SUN-20K-SG01HP3-EU-AM2",
      "marca": "Deye",
      "power_kW": 20.0,
      "phase": "P3",
      "version": "SG01HP3",
      "price": 2893.5
    },
    {
      "Modelo": "SUN-25K-G05",
      "marca": "Deye",
      "power_kW": 25.0,
      "phase": "P3",
      "version": "G05",
      "price": 1275.0
    },
    {
      "Modelo": "SUN-25K-SG01HP3-EU-AM2",
      "marca": "Deye",
      "power_kW": 25.0,
      "phase": "P3",
      "version": "SG01HP3",
      "price": 3235.5
    },
    {
      "Modelo": "SUN-30K-G04",
      "marca": "Deye",
      "power_kW": 30.0,
      "phase": "P3",
      "version": "G04",
      "price": 1510.5
    },
    {
      "Modelo": "SUN-30K-SG01HP3-EU-BM3",
      "marca": "Deye",
      "power_kW": 30.0,
      "phase": "P3",
      "version": "SG01HP3",
      "price": 5421.0
    },
    {
      "Modelo": "SUN-33K-G04",
      "marca": "Deye",
      "power_kW": 33.0,
      "phase": "P3",
      "version": "G04",
      "price": 1596.0
    },
    {
      "Modelo": "SUN-35K-G04",
      "marca": "Deye",
      "power_kW": 35.0,
      "phase": "P3",
      "version": "G04",
      "price": 1750.5
    },
    {
      "Modelo": "SUN-40K-G04",
      "marca": "Deye",
      "power_kW": 40.0,
      "phase": "P3",
      "version": "G04",
      "price": 2263.5
    },
    {
      "Modelo": "SUN-40K-SG01HP3-EU-BM4",
      "marca": "Deye",
      "power_kW": 40.0,
      "phase": "P3",
      "version": "SG01HP3",
      "price": 6406.5
    },
    {
      "Modelo": "SUN-50K-G04",
      "marca": "Deye",
      "power_kW": 50.0,
      "phase": "P3",
      "version": "G04",
      "price": 2379.0
    },
    {
      "Modelo": "SUN-50K-SG01HP3-EU-BM4",
      "marca": "Deye",
      "power_kW": 50.0,
      "phase": "P3",
      "version": "SG01HP3",
      "price": 7071.0
    },
    {
      "Modelo": "SUN-100K-G03",
      "marca": "Deye",
      "power_kW": 100.0,
      "phase": "P3",
      "version": "G03",
      "price": 3829.5
    },
    {
      "Modelo": "SUN-110K-G03",
      "marca": "Deye",
      "power_kW": 110.0,
      "phase": "P3",
      "version": "G03",
      "price": 4011.0
    },
    {
      "Modelo": "SUN-135K-G01P3-EU-AM8",
      "marca": "Deye",
      "power_kW": 135.0,
      "phase": "P3",
      "version": "G01P3",
      "price": 5226.0
    }
  ],
  "electricityRates": {
    "residential": {
      "minCharge_kWh": 15,
      "minCharge_Bs": 13.726,
      "tiers": [
        { "from": 16, "to": 120, "rate_Bs": 0.758 },
        { "from": 121, "to": 300, "rate_Bs": 0.969 },
        { "from": 301, "to": 500, "rate_Bs": 1.020 },
        { "from": 501, "to": 1000, "rate_Bs": 1.068 },
        { "from": 1001, "to": null, "rate_Bs": 1.479 }
      ],
      "tarifaDignidad": {
        "max_kWh": 70,
        "discountPercent": 25
      }
    },
    "commercial": {
      "minCharge_kWh": 20,
      "minCharge_Bs": 24.117,
      "tiers": [
        { "from": 1, "to": 120, "rate_Bs": 1.091 },
        { "from": 121, "to": 300, "rate_Bs": 1.236 },
        { "from": 301, "to": null, "rate_Bs": 1.765 }
      ]
    },
    "industrial": {
      "note": "Faltan datos exactos de tarifa escalonada. Se recomienda consultar AETN.",
      "flatEstimate_Bs_per_kWh": 1.16
    }
  }
}